[
  {
    "name": "Шара Буллет",
    "age": 22,
    "photo": "https://encrypted-tbn0.gstatic.com/images?q=tbn:ANd9GcRB8ka8-Wx2tu3TimTnl91pxurx8rIdO_4WTA&s"
  },
  {
    "name": "Хамзат Чимаев",
    "age": 25,
    "photo": "https://sportarena.kz/pbi/WEBP/2024-11-12/file-d1c8f9fd-3d8d-4628-af0d-8e4985e6caaf/800x450.webp"
  },
  {
    "name": "Магомед Анкалаев",
    "age": 33,
    "photo": "https://encrypted-tbn0.gstatic.com/images?q=tbn:ANd9GcQxbg9EYxEjbo0Zxp8xdfG2OHwAAQTtd8UxIA&s"
  }
]